{
  "_generated": "Generated by SweetTooth, do not edit", 
  "description": "No Title Bar removes the title bar, moves the window title and buttons to the top panel.\n\nWayland support: from version 7, titlebars are also hidden for Wayland-native clients that don't use CSD. Some of the options may be incompatible with this. For issues on Wayland please visit github!\n\nThis extension depends on some Xorg utilities. To install them:\n\n\u26ab Debian/Ubuntu: apt install x11-utils\n\u26ab Fedora/RHEL: dnf install xorg-x11-utils\n\u26ab Arch: pacman -S xorg-xprop", 
  "name": "No Title Bar", 
  "shell-version": [
    "3.18", 
    "3.20", 
    "3.22", 
    "3.24", 
    "3.26", 
    "3.28", 
    "3.30"
  ], 
  "url": "https://github.com/franglais125/no-title-bar", 
  "uuid": "no-title-bar@franglais125.gmail.com", 
  "version": 9
}